seniors,0.022,0.656,0.367,0.456,0.189,2000,1.35,73.333,800,0,0.733,7.778,161421.426148733,-3.4,2469.31663321177,7558.65412514508,9.5,1640.9967727914,1661.93999405734,21,22.5879194846329,0.44,0.39,111,11,1.6,0.28,0.8,268442.9079141,14002.2402186131,2906.99221196777,1285513.88425965
seniors,0.022,0.656,0.367,0.456,0.189,2000,1.572,73.333,800,0,0.733,7.778,163119.747045398,14,2657.29501049931,8259.25446692832,36,1982.40036959512,1744.11549752854,38,25.7318628836906,0.46,0.41,125,0,1.8,0.3,0.83,270141.228871611,14702.8405626862,2989.16771544231,1357337.79563893
seniors,0.022,0.656,0.811,0.456,0.189,2000,1.572,73.333,800,0,0.733,7.778,152646.332906626,19,2478.20326934749,6987.90657189264,45,1602.66951300451,1354.28708340267,52,19.7255586037111,0.44,0.39,111,11,1.8,0.31,0.84,259667.814732839,13431.4926676505,2599.33930131644,1244608.30363205
seniors,0.022,0.656,0.811,0.456,0.189,2000,1.572,73.333,800,0,0.733,2.222,152061.454992215,21,2494.45566456523,7025.29746712817,48,1632.46613615488,1352.57069250163,54,19.7254539450887,0.44,0.39,111,0,1.8,0.3,0.87,259082.861020859,13468.8782040778,2597.62287823522,1255086.60478696
seniors,0.111,0.544,0.367,0.633,0.9,2666.667,1.572,28.889,733.333,0,0.956,3.333,165869.109353734,20,1927.83444192546,6116.66050979054,44,1374.1697305803,1284.21262340316,54,20.9511703996677,0.44,0.39,167,7.7,1.5,0.36,0.89,273964.546218791,12672.4345088941,2537.81797656015,1235664.17577927
seniors,0.111,0.544,0.367,0.633,0.9,6000,1.572,28.889,733.333,0,0.956,3.333,65930.5170236768,68,1799.16788947873,2722.84100394763,75,1374.1697305803,765.3119174826,73,20.9511703996677,0.31,0.26,95,48,1.2,0.74,0.96,174025.953888734,9278.61500305123,2018.91727063959,803112.785207572
seniors,0.111,0.544,0.811,0.633,0.9,6000,1.572,28.889,733.333,0,0.956,3.333,60738.955784251,71,1799.16788947873,2551.78310561728,77,1374.1697305803,711.514288309766,75,20.9511703996677,0.31,0.26,95,48,1.2,0.74,0.96,168834.392649308,9107.55710472088,1965.11964146676,770258.014521451
seniors,0.111,0.544,0.811,0.633,0.9,6000,1.35,28.889,733.333,0,0.956,3.333,51137.7229691052,67,1799.16762385209,2414.94412618836,66,1374.16970849978,696.329473995933,65,20.951169984208,0.31,0.26,95,48,1.1,0.64,0.84,159233.159778822,8970.71812229998,1949.93482714879,730194.378049792
seniors,0.111,0.656,0.811,0.633,0.9,6000,1.35,28.889,733.333,0,0.956,3.333,35310.9150097773,73,1610.38459050153,1582.02081549185,74,1296.04733382815,517.739769291937,70,19.7254748163664,0.32,0.27,67,52,1.2,0.55,0.87,142332.336146148,8025.60262172036,1762.79196145708,649955.599858055
seniors,0.111,0.656,0.811,0.633,0.9,6000,1.35,73.333,733.333,0,0.956,3.333,38681.7876715926,70,1610.38459050153,1638.70686745931,74,1296.04733382815,522.83445093906,69,19.7254748163664,0.3,0.25,53,52,1.2,0.57,0.9,145703.208807964,8082.28867368783,1767.8866431042,662786.783891901
seniors,0,0.656,0.811,0.633,0.9,6000,1.35,73.333,733.333,0,0.956,3.333,55791.1760790657,68,1610.38459050153,1909.7309480077,81,1296.04733382815,553.853609863672,77,19.7254748163664,0.23,0.18,53,52,1.3,0.57,0.93,162812.597215437,8353.31275423621,1798.90580202882,740181.232714774
seniors,0,0.656,0.811,0.189,0.9,6000,1.35,73.333,733.333,0,0.956,3.333,59021.9707100977,66,1610.38459050153,2043.74169081784,80,1296.04733382815,592.74308018232,76,19.7254748163664,0.23,0.18,53,52,1.3,0.57,0.93,166043.391846469,8487.32349704635,1837.79527234746,741129.242401385
seniors,0,0.656,0.811,0.189,0.9,6000,1.35,73.333,400,0,0.956,3.333,64010.2984789521,52,1364.99882772217,2004.30638843392,72,498.555137805136,253.83864383485,84,4.41887329120914,0.38,0.33,83,25,1.8,0.39,0.92,134660.39703709,6193.56649580923,1237.96445399249,559766.955414625
seniors,0,0.656,0.811,0.189,0.9,6000,1.35,73.333,400,0,0.733,3.333,86887.7937524258,34,1788.31423358632,3403.53587931955,53,894.126493661203,598.220655016859,63,11.2483408208905,0.38,0.33,83,25,1.7,0.29,0.86,157537.892310564,7592.79598669485,1582.3464651745,715917.957868239
seniors,0,0.656,0.811,0.189,0.456,6000,1.35,73.333,400,0,0.733,3.333,62022.1067934292,53,1343.66417811532,2163.34547126546,70,530.977116360889,398.313895362005,75,6.68060600953822,0.38,0.33,83,25,1.8,0.39,0.96,132672.205351567,6352.60557864076,1382.43970551964,549427.137128569
seniors,0,0.656,0.811,0.189,0.456,6000,1.35,73.333,400,0,0.733,8.889,95095.7166365602,40,1953.72154267287,3909.25186017944,65,1051.04603660476,663.551563946094,70,12.6331536079058,0.38,0.33,83,14,1.8,0.29,0.83,165746.030749838,8098.51733500573,1647.67742599897,767743.860085309
seniors,0.2,0.5,0.9,0.544,0.9,2000,1.35,20,600,0,0.6,3.333,132164.109705982,24,1195.59344267366,4548.34957192991,40,878.778841404731,1025.31012404659,50,14.3321309597895,0.42,0.37,171,25,1.3,0.49,0.98,227453.249327743,10100.7976968183,2187.87116505237,897826.649270474
seniors,0.2,0.5,0.9,0.544,0.9,2000,1.35,20,600,0,0.6,8.889,132112.375794258,-140,1195.74958879968,4522.03557955966,-84,878.784100772714,1020.72587528107,-38,14.3322547290393,0.43,0.38,185,47,1.3,0.49,0.95,227401.627962823,10074.4890653746,2183.28695431144,896976.216239563
seniors,0.2,0.611,0.9,0.544,0.9,2000,1.35,20,600,0,0.6,8.889,122421.589710142,25,1806.5454659854,4682.51608838939,48,906.118825791048,919.377457864053,57,11.2447753894583,0.52,0.47,167,7.7,1.4,0.41,0.85,212048.677504523,9874.02946328544,2041.58219429104,891310.465804616
seniors,0.2,0.611,0.9,0.544,0.456,2000,1.35,20,600,0,0.6,8.889,124516.55595417,24,1838.33478838441,4800.83680155022,47,936.580494652747,939.746822829214,56,11.624682009802,0.52,0.47,167,7.7,1.4,0.41,0.85,214143.643748551,9992.35017644627,2061.9515592562,903905.891666374
seniors,0.2,0.611,0.9,0.544,0.456,5333.333,1.35,20,600,0,0.6,8.889,63137.6879545354,62,758.403061814912,2078.83674133199,77,682.129353686167,561.214906179551,73,10.8075399866891,0.38,0.33,81,55,1.2,0.7,0.96,152764.775748916,7270.35011622805,1683.41964260654,627116.998064922
seniors,0.089,0.611,0.9,0.544,0.456,5333.333,1.35,20,600,0,0.6,8.889,102142.570384379,26,863.112350867872,3403.0134474219,51,783.161143768011,898.191882413143,48,12.295927093576,0.31,0.26,81,58,1.3,0.68,0.95,197026.360591815,8929.59782873252,2065.96262255476,828124.856121227
seniors,0.089,0.611,0.9,0.1,0.456,5333.333,1.35,20,600,0,0.6,8.889,107099.999879938,22,863.112350867872,3632.01746947384,48,783.161143768011,956.320539493032,45,12.295927093576,0.31,0.26,81,58,1.3,0.68,0.95,201983.790087374,9158.60185078446,2124.09127963464,833911.448565188
seniors,0.089,0.611,0.456,0.1,0.456,5333.333,1.35,20,600,0,0.6,8.889,111701.161648466,19,1526.73628445267,4575.0837788179,34,783.161143768011,1207.40320627975,30,14.5356937576832,0.46,0.41,153,22,1.4,0.39,0.85,206584.951855902,10101.6681601285,2375.17394642137,872386.034121359
seniors,0.089,0.611,0.456,0.1,0.456,5333.333,1.35,20,266.667,0,0.6,8.889,56763.8169943226,60,982.352678042342,2198.8273121957,71,412.250419963168,554.583061917928,68,7.5888509279182,0.5,0.45,167,14,1.6,0.55,0.92,130957.294047296,6553.37266071133,1563.96047352816,519601.744908084
seniors,0.089,0.611,0.456,0.1,0.456,5333.333,1.572,20,266.667,0,0.6,8.889,98555.2277502374,-220,1748.44538180246,4318.03299894606,-250,944.89147008057,1003.90893479364,-190,15.9610437739611,0.54,0.49,195,44,1.8,0.51,0.92,172748.704987036,8672.57835043781,2013.28634640949,743777.791106906
seniors,0.089,0.611,0.456,0.1,0.456,5333.333,1.572,64.444,266.667,0,0.6,8.889,98736.7233874654,43,1341.88081350111,3768.91519954928,64,613.564361871947,854.976582888179,62,10.010964213267,0.46,0.41,139,9.2,1.9,0.58,1,172930.200624264,8123.46055104102,1864.35399450402,701371.693751326
seniors,0.089,0.611,0.456,0.1,0.456,5333.333,1.572,64.444,266.667,0,0.822,8.889,93317.1569418912,46,1437.96157398081,3515.472208112,66,650.336663863168,730.421451267628,67,9.1742307707832,0.46,0.41,139,9.2,1.9,0.55,1,167510.634178689,7870.01755960374,1739.79886288347,679477.07027526
seniors,0.022,0.633,0.278,0.367,0.189,8000,1.75,73.333,666.667,0,0.644,3.333,134536.524103993,25,2445.83334419868,6857.44083920835,47,1715.1415912946,1614.72810317031,39,27.4936168798909,0.44,0.39,125,0,2,0.39,0.96,228380.487167108,12322.1227045211,2776.27515849913,1193498.47468904
seniors,0.022,0.633,0.722,0.367,0.189,8000,1.75,73.333,666.667,0,0.644,3.333,129965.518165357,27,2311.69227777075,6297.04202862021,51,1549.60505597017,1461.36940786472,45,24.9255501410203,0.42,0.37,111,11,1.8,0.24,0.85,223809.481228473,11761.723893933,2622.91646319354,1160485.47961819
seniors,0.022,0.633,0.722,0.367,0.189,8000,1.75,73.333,666.667,0,0.867,3.333,93462.5940276865,48,1749.46165518847,3537.18849668298,73,810.44144746687,782.146326124974,70,11.8428203066592,0.42,0.37,111,11,1.8,0.29,0.87,187306.557090802,9001.87036199573,1943.69338145379,913715.283377038
seniors,0.022,0.633,0.722,0.367,0.189,8000,1.75,28.889,666.667,0,0.867,3.333,93573.005331633,48,1532.44478975615,3520.13317016825,74,747.931384815215,845.314031081461,69,12.4105003234956,0.44,0.39,125,18,1.7,0.26,0.86,187416.968394749,8984.81503548101,2006.86108641028,933094.641975336
seniors,0.022,0.633,0.722,0.367,0.189,8000,1.75,28.889,333.333,0,0.867,3.333,71196.8466833921,60,1477.02723630403,2462.76776521236,79,592.370515617838,451.128089052765,81,7.18006397044701,0.44,0.39,125,25,1.9,0.45,1,143594.754685395,6732.84520844826,1447.75928300366,650089.839348588
seniors,0.022,0.633,0.722,0.367,0.633,8000,1.75,28.889,333.333,0,0.867,3.333,90424.7516692745,49,1938.0665510594,3627.94566667219,69,1002.97467849333,639.072443354433,73,12.4738220929455,0.42,0.37,111,34,1.9,0.27,0.86,162822.659671277,7898.02310990808,1635.70363730532,839822.098350914
seniors,0.133,0.633,0.722,0.367,0.633,8000,1.75,28.889,333.333,0,0.867,3.333,79428.0001429653,55,1608.18697267542,2863.18526483454,75,719.502206474947,518.296971192283,78,9.00813552340719,0.47,0.42,125,25,1.8,0.35,0.89,151825.908144968,7133.26270807044,1514.92816514317,725686.472323955
seniors,0.133,0.522,0.722,0.367,0.633,8000,1.75,28.889,333.333,0,0.867,3.333,73991.3721693216,68,767.020444848487,2347.81509947707,77,547.770487861176,566.383927430633,79,9.09102761757504,0.47,0.42,209,40,1.4,0.49,1,156870.315715684,7144.90474841918,1639.51493544522,685593.821586492
seniors,0.133,0.522,0.722,0.367,0.633,8000,1.75,28.889,333.333,0,0.867,8.889,74078.0204071991,69,721.914031989028,2291.38896175089,78,547.77575060521,525.151712169387,80,9.09117493278359,0.45,0.4,213,36,1.3,0.51,1,156957.123544582,7088.48397503292,1598.28276496137,678439.857171388
seniors,0.133,0.522,0.722,0.367,0.633,8000,1.528,28.889,333.333,0,0.867,8.889,81757.8272070959,37,721.912642157462,2455.43339962875,52,547.775747049863,580.46310925278,58,9.09117477398672,0.35,0.3,123,65,1.2,0.73,1,164636.930163536,7252.52840935544,1653.59416203848,712160.457902398
seniors,0.133,0.522,0.722,0.367,0.633,4666.667,1.528,28.889,333.333,0,0.867,8.889,58896.6249891313,55,721.912642157462,1882.06342462005,63,547.775747049863,444.41394251331,68,9.09117477398672,0.44,0.39,207,41,1.3,0.82,1,141775.727945571,6679.15843434673,1517.54499529901,591497.194224832
seniors,0.133,0.522,0.722,0.811,0.633,4666.667,1.528,28.889,333.333,0,0.867,8.889,66370.9270810677,49,721.912642157462,1958.20030140865,61,547.775747049863,434.455715632371,68,9.09117477398672,0.43,0.38,193,45,1.3,0.84,1,149250.030037508,6755.29531113533,1507.58676841807,669794.294598671
seniors,0.089,0.544,0.456,0.189,0.367,8000,1.483,100,200,0,0.911,0,76998.9219158557,14,668.667479254655,2506.67987598897,30,248.029152723102,523.168318325739,43,4.6875565907751,0.35,0.3,89,67,1.9,0.59,1.2,137890.895031564,6200.47628051246,1418.43881175531,561102.767692231
seniors,0.089,0.544,0.456,0.189,0.367,8000,1.483,100,200,0,0.911,5.556,97073.39262081,50,1448.31592763837,3617.84157733471,62,664.937538258428,707.311977995542,69,8.85759879356488,0.39,0.34,125,31,1.9,0.54,1,157965.567741794,7311.64334848168,1602.58252165434,661624.174513422
seniors,0.089,0.544,0.456,0.633,0.367,8000,1.483,100,200,0,0.911,5.556,81856.7400912023,58,1219.48602407577,2567.60311807423,73,455.693099349317,424.202073973644,81,4.48031511331692,0.37,0.32,111,39,1.8,0.55,1,142748.915212186,6261.4048892212,1319.47261763245,637978.46403007
seniors,0.2,0.544,0.456,0.633,0.367,8000,1.483,100,200,0,0.911,5.556,70722.0480887841,63,940.370170907961,2121.10206224969,77,325.681555255408,362.441494702121,84,3.91483022138755,0.41,0.36,111,43,1.7,0.61,1,130809.288499451,5778.61161252815,1251.2509458448,561228.986721882
seniors,0.2,0.544,0.456,0.633,0.367,8000,1.706,100,200,0,0.911,5.556,109234.53952725,51,1503.28221002863,3733.13017397979,71,687.058552092438,578.065090025538,79,6.48694270776696,0.42,0.37,125,31,1.9,0.5,0.97,169321.780141011,7390.63972788373,1466.87454117496,811926.152694014
seniors,0.2,0.656,0.456,0.633,0.367,8000,1.706,100,200,0,0.911,5.556,114284.832876235,42,2173.57081887864,4935.44205958757,48,1334.34069369149,600.051644407884,72,11.4194321299815,0.43,0.38,72,56,2.1,0.37,0.9,164148.414602655,8150.04424458728,1409.36915989136,914660.207393669
seniors,0.2,0.656,0.456,0.633,0.811,8000,1.706,100,200,0,0.911,5.556,105499.477373808,46,2036.62336292579,4289.14034718579,55,1145.77024162095,507.427995668887,77,9.60837698409432,0.43,0.38,72,56,2.1,0.37,0.89,155363.059100229,7503.74253218551,1316.74551115237,824511.600115109
seniors,0.2,0.656,0.456,0.633,0.811,8000,1.706,100,533.333,0,0.911,5.556,75736.7030212475,55,1295.64692728641,2425.48407085684,76,620.993586408239,490.484425495612,78,9.64926912549095,0.45,0.4,83,34,1.6,0.36,0.89,163370.057065002,7509.18100579427,1601.26580298983,768643.892639938
seniors,0.2,0.656,0.456,0.633,0.811,8000,1.706,100,533.333,0,0.689,5.556,83763.3572513211,50,1257.66300197857,3033.0258199358,71,620.993586408239,762.261572733548,66,9.96613914173372,0.45,0.4,83,34,1.6,0.38,0.91,171396.711295076,8116.72275487323,1873.04295022777,816294.45302817
seniors,0.2,0.656,0.456,0.633,0.811,8000,1.706,55.556,533.333,0,0.689,5.556,85067.749362776,50,1250.95057396978,3066.40559327001,71,620.993586408239,783.234528960921,66,9.88740075071337,0.48,0.43,111,20,1.5,0.37,0.89,172701.103406531,8150.10252820744,1894.01590645514,828329.342247829
seniors,0.2,0.656,0.456,0.633,0.811,4666.667,1.706,55.556,533.333,0,0.689,5.556,108968.154814375,35,1989.29843271768,4397.63757157387,59,1041.7817526656,866.176960257801,62,13.5004257252581,0.5,0.45,125,10,1.7,0.35,0.87,196601.50885813,9481.3345065113,1976.95833775202,938232.492699696
seniors,0.2,0.656,0.9,0.633,0.811,4666.667,1.706,55.556,533.333,0,0.689,5.556,96764.1104087111,43,1773.41095307516,3575.50053624074,67,822.467685134939,648.326738719956,72,9.64926912549095,0.5,0.45,125,10,1.7,0.36,0.87,184397.464452466,8659.19747117817,1759.10811621418,818126.574369356
seniors,0.156,0.5,0.9,0.722,0.189,2000,1.439,64.444,600,0,0.689,1.111,152875.490477326,20,1691.4484004298,5444.16471242527,39,963.660333224461,1125.93667191005,53,15.5475625076851,0.42,0.37,167,14,1.4,0.48,0.98,251845.650305872,11251.568236467,2321.1738572325,1031679.02428561
seniors,0.156,0.5,0.456,0.722,0.189,2000,1.439,64.444,600,0,0.689,1.111,151721.650000771,21,1662.65992433226,5543.26820652797,38,963.660333224461,1243.67855913061,48,15.5475625076851,0.43,0.38,181,7.2,1.5,0.54,0.99,250691.809829317,11350.6717305697,2438.91574445306,1046733.53252809
seniors,0.156,0.5,0.456,0.722,0.189,2000,1.439,64.444,600,0,0.689,6.667,160429.241320142,13,1778.81590583271,5977.06702735108,28,963.665591974935,1326.93635789284,41,15.5476822715909,0.43,0.38,181,7.2,1.5,0.53,0.94,259399.506407076,11784.4759116955,2522.17358007603,1085537.96980423
seniors,0.156,0.5,0.456,0.722,0.189,5333.333,1.439,64.444,600,0,0.689,6.667,135840.810183857,27,1283.23239362497,4551.11535287935,45,963.665591974935,1215.19982587884,46,15.5476822715909,0.32,0.27,95,51,1.3,0.71,1,234811.075270791,10358.5242372237,2410.43704806203,1051024.48702139
seniors,0.156,0.5,0.456,0.722,0.189,5333.333,1.661,64.444,600,0,0.689,6.667,130531.729911488,12,1460.24075409773,4679.32519040336,19,963.665595458263,1154.70052632195,30,15.5476823899676,0.42,0.37,167,52,1.5,0.52,0.96,229501.995114116,10486.7340782311,2349.93774851065,1033462.03185079
seniors,0.156,0.5,0.456,0.278,0.189,5333.333,1.661,64.444,600,0,0.689,6.667,155585.349334762,-5,1845.6529348474,6236.86068165778,-8.3,963.665595458263,1568.37821846221,5.4,16.2209861556985,0.42,0.37,167,52,1.5,0.49,0.95,254555.61453739,12044.2695694855,2763.61544065091,1101463.26588564
seniors,0.156,0.5,0.456,0.278,0.189,5333.333,1.661,64.444,600,0,0.911,6.667,156153.614463845,-5.4,1847.33834632352,5919.18755989571,-2.7,963.665595458263,1368.55684175766,17,15.5476823899676,0.43,0.38,181,48,1.5,0.43,0.92,255123.879666473,11726.5964477234,2563.79406394636,1109191.0752645
seniors,0.156,0.5,0.456,0.278,0.189,5333.333,1.661,20,600,0,0.911,6.667,59336.865010403,60,1283.23314228309,2371.21134211088,59,963.665595458263,659.613802747866,60,15.5476823899676,0.49,0.44,263,25,1.3,0.8,1,158307.130213031,8178.62022993859,1854.85102493657,662671.533766072
seniors,0.156,0.611,0.456,0.278,0.189,5333.333,1.661,20,600,0,0.911,6.667,128166.569930327,32,2116.18354030413,5386.90172830562,60,1194.56319467041,1136.36108394233,59,16.6169384457035,0.53,0.48,181,0,1.7,0.35,0.87,221348.879347114,10801.9871925254,2289.1409452349,1045973.6808272
seniors,0.044,0.611,0.456,0.278,0.189,5333.333,1.661,20,600,0,0.911,6.667,139878.222657031,26,2441.78809151385,6591.29855504312,54,1641.37551051719,1343.03494384012,53,21.9838213086239,0.5,0.45,167,0,1.8,0.28,0.85,234761.954570719,12117.8807950784,2510.80566691034,1198491.30009413
seniors,0.044,0.611,0.456,0.278,0.189,5333.333,1.661,20,266.667,0,0.911,6.667,104623.461245323,-110,1737.62912266876,4051.78031846865,-110,849.500244362881,774.680281820339,-48,10.9934362433244,0.54,0.49,195,44,1.9,0.48,0.95,178816.858155966,8406.32352484463,1784.0576734128,793695.583457166
seniors,0.044,0.611,0.456,0.278,0.633,5333.333,1.661,20,266.667,0,0.911,6.667,78166.6206090406,-56,1316.099504457,2711.81633744022,-38,524.084014213401,526.000533420147,-0.32,6.65252172808232,0.54,0.49,195,44,1.8,0.5,0.94,152360.017519683,7066.3595438162,1535.37792501261,634466.024200357
seniors,0.067,0.589,0.367,0.544,0.544,5333.333,1.35,64.444,400,0,0.822,8.889,95387.0085476327,40,1671.27064007551,3522.44371114196,60,763.218057377256,667.584467849958,66,9.62066029690732,0.42,0.37,125,18,1.7,0.42,0.89,171497.822812288,7969.08553325252,1690.50300244556,773926.739998475
seniors,0.067,0.589,0.367,0.544,0.1,5333.333,1.35,64.444,400,0,0.822,8.889,117011.039678734,26,2031.31567737451,4799.14793902434,46,1117.02095563556,900.954241252775,55,14.2647710565525,0.42,0.37,125,18,1.7,0.41,0.9,193121.853943389,9245.7897611349,1923.87277584837,939825.066314895
seniors,0.178,0.589,0.367,0.544,0.1,5333.333,1.35,64.444,400,0,0.822,8.889,95793.5733482304,35,1530.73106845286,3466.75748380671,53,683.695906570543,678.435304951228,61,8.95288743170795,0.45,0.4,125,18,1.6,0.5,0.94,169949.30977594,7812.3826287575,1684.98224177826,749187.841143737
seniors,0.178,0.589,0.367,0.544,0.1,5333.333,1.35,20,400,0,0.822,8.889,89878.389853089,41,1422.10287850833,3258.36426009426,59,631.224119141008,703.699024749573,62,9.61911582814696,0.51,0.46,181,19,1.5,0.47,0.89,164034.126280799,7603.98940504505,1710.24596157661,752770.162720221
seniors,0.178,0.589,0.367,0.544,0.1,5333.333,1.35,20,400,0,0.6,8.889,85775.3809258157,43,1299.1664072968,3357.08788979471,58,612.730188454651,832.873936051191,55,11.2593827333001,0.52,0.47,195,13,1.5,0.54,0.9,159931.117353526,7702.7130347455,1839.42087287823,712628.391829755
seniors,0.178,0.589,0.367,0.1,0.1,5333.333,1.35,20,400,0,0.6,8.889,84586.2204638144,44,1286.47212679668,3490.58976042204,56,628.767926012449,872.901662238967,53,11.5700716497843,0.53,0.48,195,13,1.5,0.6,0.93,158741.956891524,7836.21490537284,1879.448599066,638372.178329829
seniors,0.178,0.589,0.367,0.1,0.1,5333.333,1.572,20,400,0,0.6,8.889,68444.7125678061,-19,1786.09186411681,2972.51150767488,-32,961.753669121189,563.341204876392,6.2,16.8990757540105,0.57,0.52,255,27,1.7,0.72,1,142600.449184421,7318.1366557688,1569.88814170929,661683.138870239
seniors,0.178,0.7,0.367,0.1,0.1,5333.333,1.572,20,400,0,0.6,8.889,136526.611967551,3.8,2667.6745929874,8443.2762939972,0.94,2400.77999864337,1622.41219380353,8.6,32.18910925874,0.53,0.48,125,10,1.9,0.33,0.85,202609.761279138,12419.0555700346,2571.52024038562,1094499.57922879
seniors,0.178,0.7,0.367,0.1,0.1,5333.333,1.572,20,733.333,0,0.6,8.889,111063.750597913,31,1778.25251576904,4887.77473769742,47,1139.02366378323,1324.22551883359,40,17.607779970361,0.55,0.5,139,9.2,1.5,0.4,0.85,213596.216158564,10957.729361933,2529.9996539012,932823.140693787
seniors,0.178,0.7,0.811,0.1,0.1,5333.333,1.572,20,733.333,0,0.6,8.889,140268.017781125,12,1408.18094667909,5098.96191950085,45,1139.02366378323,1408.2247022344,36,17.607779970361,0.38,0.33,67,56,1.4,0.61,0.92,242800.483341776,11168.9165437365,2613.99883730202,1013861.1345976
seniors,0.178,0.7,0.811,0.1,0.1,5333.333,1.572,20,733.333,0,0.6,3.333,134093.196585212,20,1408.04987866018,4862.94776810979,52,1139.0184047686,1330.33275751483,43,17.6076664041434,0.38,0.33,67,52,1.4,0.61,0.97,236625.571778768,10932.8970317972,2536.10685790764,994325.487836786
seniors,0.178,0.7,0.811,0.1,0.1,2000,1.572,20,733.333,0,0.6,3.333,148727.659091198,11,2382.7453059266,6892.68469654062,32,1562.61304336262,1434.92667256738,39,20.4862928036982,0.55,0.5,139,0,1.6,0.28,0.82,251260.034284755,12962.6339602281,2640.70077296019,1177042.53209618
seniors,0.111,0.633,0.456,0.9,0.456,2666.667,1.75,46.667,666.667,0,0.822,0,142085.978449183,19,2496.91009210859,6339.35110010554,47,1670.15380507394,934.944382708883,63,14.7469627745381,0.46,0.41,125,10,2.1,0.32,1.1,235929.848443955,11804.0297473043,2096.49141171271,1283906.74851289
seniors,0.111,0.633,0.456,0.9,0.456,2666.667,1.75,46.667,666.667,0,0.6,0,138711.76469313,21,2457.04162550217,6462.74312754029,46,1653.06313756943,1205.20969279551,52,19.8082974371305,0.46,0.41,125,10,2,0.33,1.1,232555.634687902,11927.421774739,2366.75672179934,1239460.60001102
seniors,0.111,0.522,0.456,0.9,0.456,2666.667,1.75,46.667,666.667,0,0.6,0,166896.92994067,23,2356.26523438047,7073.42877224853,53,1416.89764501919,1492.99198029272,53,18.8419913525554,0.43,0.38,167,0,1.8,0.36,1.1,266396.866171362,12913.994568413,2694.12202004142,1336811.63783815
seniors,0.111,0.522,0.456,0.9,0.456,2666.667,1.75,46.667,666.667,0,0.6,5.556,65106.7032982172,60,1228.42487893616,2436.18627208889,62,955.339508674101,667.007206358472,63,15.3018911679887,0.55,0.5,305,13,1.3,0.83,1,164606.74988324,8276.75742914788,1868.13728372159,685453.614412615
seniors,0,0.522,0.456,0.9,0.456,2666.667,1.75,46.667,666.667,0,0.6,5.556,65106.7032982172,60,1228.42487893616,2436.18627208889,62,955.339508674101,667.007206358472,63,15.3018911679887,0.55,0.5,305,13,1.3,0.83,1,164606.74988324,8276.75742914788,1868.13728372159,685453.614412615
seniors,0,0.522,0.9,0.9,0.456,2666.667,1.75,46.667,666.667,0,0.6,5.556,64250.0028717596,61,1228.42487893616,2383.67893494019,63,955.339508674101,644.965915345539,65,15.3018911679887,0.51,0.46,277,21,1.5,0.83,1.1,163750.049456783,8224.25009199918,1846.09599270866,679204.985454897
seniors,0,0.522,0.9,0.9,0.456,2666.667,1.528,46.667,666.667,0,0.6,5.556,162772.722992096,23,2320.46810458205,6916.65224233368,48,1416.1946764336,1352.87574602407,55,16.6760402343371,0.41,0.36,167,7.7,1.7,0.31,0.86,262272.769467028,12757.2233960632,2554.00582338184,1226433.62648173
seniors,0,0.522,0.9,0.9,0.9,2666.667,1.528,46.667,666.667,0,0.6,5.556,161132.819220918,23,2294.29495801547,6784.0769383126,49,1375.33922796542,1330.4787061235,55,16.2001478006537,0.41,0.36,167,7.7,1.7,0.31,0.86,260632.86569585,12624.6480920421,2531.60878348128,1211813.32611395
seniors,0,0.522,0.9,0.456,0.9,2666.667,1.528,46.667,666.667,0,0.6,5.556,162904.705369719,23,2322.73530370003,6988.55846683458,48,1426.17214834755,1392.89729736139,53,17.3134724214192,0.41,0.36,167,7.7,1.7,0.31,0.86,262404.751844651,12829.1296205641,2594.02737471916,1212977.42697146
seniors,0,0.522,0.9,0.456,0.9,6000,1.528,46.667,666.667,0,0.6,5.556,111769.92709169,47,1228.42421055942,4100.94351236368,69,955.339505344626,1085.60769818355,64,15.3018910592141,0.38,0.33,153,15,1.4,0.37,0.91,211269.973566623,9941.51466609319,2286.73777554132,912140.283133203
seniors,0,0.522,0.9,0.456,0.9,6000,1.528,91.111,666.667,0,0.6,5.556,120678.094833475,42,1256.14850089344,4448.34515537438,65,955.339505344626,1167.88529519671,60,15.3018910592141,0.35,0.3,125,18,1.4,0.34,0.9,220178.141308408,10288.9163091039,2369.01537255448,954914.402686946
seniors,0,0.522,0.9,0.456,0.9,6000,1.528,91.111,333.333,0,0.6,5.556,86701.1876638938,56,1180.37467610228,3073.60426848178,68,547.77258997179,731.234714936345,69,9.09108642482761,0.35,0.3,125,40,1.6,0.53,1,169580.194903699,7870.69606018383,1804.3657408605,698295.275681882
seniors,0.089,0.611,0.189,0.633,0.367,3333.333,1.75,73.333,466.667,0,0.733,6.667,166668.337051144,7.5,2833.70112324096,9162.07436819599,9.1,2481.39334555545,1684.9763690473,28,28.876012020457,0.44,0.39,125,18,2,0.28,0.81,261552.069013911,14688.6566093454,2852.74709211946,1493759.0621802
seniors,0.089,0.611,0.189,0.633,0.367,3333.333,1.75,73.333,800,0,0.733,6.667,163141.895982342,20,2437.09282297667,7228.33209805472,49,1490.2974053212,1603.69668711626,48,20.5132629300483,0.46,0.41,139,-11,1.8,0.34,0.86,270513.258490599,13705.9266979386,2850.3005134014,1348072.99702491
seniors,0.089,0.611,0.189,0.189,0.367,3333.333,1.75,73.333,800,0,0.733,6.667,177927.698261066,13,2659.03038539822,9215.23626123498,34,2038.5536899835,2140.61611972866,31,30.077347508126,0.46,0.41,139,-11,1.8,0.33,0.85,285299.060769323,15692.8308611189,3387.21994601379,1400686.15738245
seniors,0.089,0.5,0.189,0.189,0.367,3333.333,1.75,73.333,800,0,0.733,6.667,198222.99198578,16,2275.31460484845,8768.76322744689,35,1427.4148659307,2241.00790018939,32,22.489014630929,0.42,0.37,181,-8.4,1.6,0.43,0.9,307010.140008466,15404.834558572,3504.1473868907,1361571.07179961
seniors,0.089,0.5,0.189,0.189,0.367,3333.333,1.75,28.889,800,0,0.733,6.667,162160.580704684,-73,2086.5743638743,7007.70532564772,-66,1427.4148659307,1679.77298986813,-35,21.7940410185952,0.44,0.39,227,35,1.5,0.51,1,270947.72872737,13643.7766567728,2942.91247656944,1264066.44414589
seniors,0.2,0.5,0.189,0.189,0.367,3333.333,1.75,28.889,800,0,0.733,6.667,81214.302263036,40,1690.52436437384,3545.89206804597,36,1210.97798769486,999.61831696542,38,19.0331360238965,0.55,0.5,333,5.1,1.3,0.82,0.97,183797.089817242,9649.19248919455,2205.40671202052,782774.061989174
seniors,0.2,0.5,0.633,0.189,0.367,3333.333,1.75,28.889,800,0,0.733,6.667,77246.9271662229,43,1690.52436437384,3292.62671772977,40,1210.97798769486,890.864864440508,44,19.0331360238965,0.49,0.44,263,25,1.3,0.82,1,179829.714720429,9395.92713887835,2096.65325949561,771980.168630738
seniors,0.2,0.5,0.633,0.189,0.367,3333.333,1.528,28.889,800,0,0.733,6.667,155064.520588902,25,1690.52386627675,5540.87138003845,42,1210.977570293,1385.84942517141,46,19.0331282675293,0.37,0.32,123,48,1.3,0.66,0.99,257647.308062185,11644.1717978085,2591.63782022172,1045304.50018372
seniors,0.2,0.5,0.633,0.189,0.367,3333.333,1.528,28.889,800,0,0.956,6.667,171228.340053115,17,1690.52386627675,5749.59916726842,39,1210.977570293,1280.6580274074,50,19.0331282675293,0.37,0.32,123,48,1.3,0.61,0.99,273811.127526398,11852.8995850385,2486.4464224577,1102659.01677991
seniors,0.2,0.5,0.633,0.189,0.367,6666.667,1.528,28.889,800,0,0.956,6.667,68822.4254028361,67,1690.52386627675,2941.4410140961,69,1210.977570293,788.886244082888,69,19.0331282675293,0.36,0.31,109,54,1.1,0.79,0.94,171405.212876119,9044.74143186617,1994.67463913319,746828.511621938
seniors,0.2,0.5,0.633,0.189,0.367,6666.667,1.528,28.889,800,0,0.956,1.111,59004.378862227,71,1690.42492040737,2716.21360294525,71,1210.93720018523,742.503107129539,70,19.0324155390474,0.36,0.31,109,48,1.1,0.8,0.96,161587.094850327,8819.50866412281,1948.29147071091,711888.66426628
seniors,0.2,0.5,0.633,0.189,0.811,6666.667,1.528,28.889,800,0,0.956,1.111,58336.6077976344,71,1690.42492040737,2696.25142004594,71,1210.93720018523,737.377721754453,71,19.0324155390474,0.35,0.3,95,55,1.1,0.79,0.94,160919.323785735,8799.54648122351,1943.16608533582,709320.999955687
seniors,0.089,0.5,0.722,0.811,0.367,5333.333,1.35,73.333,600,0,0.644,2.222,77623.1696674584,56,1324.51197535497,2785.27173170539,66,1005.81206872095,754.520099346188,66,16.1402291737272,0.27,0.22,81,55,1.3,0.79,1,178340.326707565,8719.49037260791,1965.7229278958,767691.313131115
seniors,0.089,0.611,0.722,0.811,0.367,5333.333,1.35,73.333,600,0,0.644,2.222,109153.430962215,17,862.866039592947,3555.24906348109,44,783.154829196519,938.936710620833,42,12.2957583593579,0.27,0.22,53,62,1.4,0.66,0.99,204037.04574272,9081.82700832057,2106.70739952,910982.134374947
seniors,0.089,0.611,0.278,0.811,0.367,5333.333,1.35,73.333,600,0,0.644,2.222,98166.133919704,25,1279.32876432495,3539.89942007553,45,783.154829196519,938.623189924895,42,12.2957583593579,0.4,0.35,97,30,1.5,0.38,0.92,193049.748700209,9066.47736491501,2106.39387882406,951799.343958156
seniors,0.089,0.611,0.278,0.811,0.367,2000,1.35,73.333,600,0,0.644,2.222,129891.73419271,0.78,2110.45499739639,5396.96324977215,16,1172.95211777582,1096.77358727058,33,15.2239897512641,0.44,0.39,125,10,1.6,0.43,0.92,224775.348973215,10923.5411946116,2264.54427616974,1030937.12769295
seniors,0.2,0.611,0.278,0.811,0.367,2000,1.35,73.333,600,0,0.644,2.222,131231.79011351,11,1961.56182078552,5219.80876674305,31,1046.38778666388,1050.53634531637,43,13.6859687263354,0.47,0.42,125,10,1.5,0.44,0.93,220858.690312918,10411.315704486,2172.74102882009,987023.252036638
seniors,0.2,0.611,0.278,0.367,0.367,2000,1.35,73.333,600,0,0.644,2.222,141464.826700876,4.3,2113.58361282689,6284.93399387057,16,1294.46164996237,1379.46996120046,25,19.1297386728836,0.47,0.42,125,10,1.5,0.43,0.92,231091.726900284,11476.4409316135,2501.67464470419,1020361.72174754
seniors,0.2,0.611,0.278,0.367,0.367,2000,1.35,73.333,266.667,0,0.644,2.222,92978.8059101624,22,1217.81104900835,3476.00463859182,35,554.384373933083,750.216813681805,43,8.64611027456658,0.47,0.42,125,10,1.7,0.64,1.1,164353.571087645,7687.59068103399,1736.06758550539,648054.854425694
seniors,0.2,0.611,0.278,0.367,0.367,2000,1.35,73.333,266.667,0,0.867,2.222,95828.3429674737,19,1249.68727477951,3479.07244489283,35,560.675994987644,698.168988084677,47,7.9704798837322,0.47,0.42,125,10,1.7,0.64,1.1,167203.108144956,7690.65848733501,1684.01975990826,659536.357362784
seniors,0.2,0.611,0.278,0.367,0.367,2000,1.572,73.333,266.667,0,0.867,2.222,148137.982903867,13,2135.57277214562,6830.69424256632,31,1411.84410296702,1260.85599767896,41,17.6575925235607,0.48,0.43,139,0,1.9,0.53,1,219512.7482322,11042.2802880066,2246.7067695082,996370.20987667
seniors,0.2,0.611,0.278,0.367,0.367,2000,1.572,28.889,266.667,0,0.867,2.222,149597.168178888,14,2283.08722469184,7244.05417355576,35,1606.61065998398,1310.81513533104,43,19.6984187907512,0.53,0.48,181,-8.4,1.9,0.49,0.96,220971.933507221,11455.6402189961,2296.66590716028,1049550.66180439
seniors,0.2,0.611,0.278,0.367,0.367,2000,1.572,28.889,266.667,0,0.867,7.778,148047.986399292,14,2146.35287686822,6820.24713116941,33,1417.66641898579,1259.56252064139,42,17.7504053970542,0.53,0.48,181,0,1.9,0.52,0.95,219422.955663172,11031.838543471,2245.41334291251,1000434.62174183
seniors,0.2,0.611,0.278,0.367,0.811,2000,1.572,28.889,266.667,0,0.867,7.778,139738.674365202,19,2030.48931250421,6175.51236028282,39,1257.10944005589,1138.73570371019,48,15.7919570051536,0.53,0.48,181,0,1.9,0.52,0.95,211113.643629081,10387.1037725844,2124.58652598131,938309.537369637
seniors,0.067,0.567,0.722,0.811,0.367,2000,1.483,55.556,200,0,0.733,3.333,148534.880795805,19,2067.57753738399,6372.89946763737,44,1306.89161743422,919.492280395963,61,12.7081407816165,0.46,0.41,167,0,2.1,0.52,0.99,206720.334525157,9946.05336377872,1793.93734280047,956693.623083088
seniors,0.067,0.678,0.722,0.811,0.367,2000,1.483,55.556,200,0,0.733,3.333,115135.384061555,29,1630.37791658427,4124.86965751056,48,800.89774809223,570.221397059856,66,8.42438813286037,0.51,0.46,131,0,2.2,0.48,1.1,164122.189186741,7302.19100071463,1372.34416025743,678552.432461645
seniors,0.067,0.678,0.278,0.811,0.367,2000,1.483,55.556,200,0,0.733,3.333,128094.470526949,21,1688.00824187371,4688.89775161414,41,862.376694352944,704.493497895674,57,9.75109666808078,0.51,0.46,131,0,2.2,0.47,1.1,177081.275652135,7866.21909481821,1506.61626109325,771730.650389927
seniors,0.067,0.678,0.278,0.811,0.367,2000,1.706,55.556,200,0,0.733,3.333,153949.084653321,8.6,2948.21823083157,10360.5556615328,30,3177.12687574223,1337.97745918887,48,27.6221969471803,0.42,0.37,83,0,2.5,0.31,0.91,202935.889932523,13537.8770073636,2140.10022239149,1361755.64784274
seniors,0.178,0.678,0.278,0.811,0.367,2000,1.706,55.556,200,0,0.733,3.333,152419.733327533,9.4,2780.48490701933,9349.58146755531,30,2682.70781550367,1246.98730049894,49,24.3189761344952,0.47,0.42,97,0,2.3,0.36,0.93,201079.925296157,12513.1495823168,2046.5108791723,1247202.24211804
seniors,0.178,0.678,0.278,0.811,0.367,2000,1.706,100,200,0,0.733,3.333,150360.597223164,11,2572.84263615104,8314.18742266453,29,2183.72939533797,1160.78582508889,48,20.7750290897466,0.45,0.4,86,0,2.3,0.43,1,199020.955039538,11477.7593593259,1960.30943775117,1117616.58339608
seniors,0.178,0.678,0.278,0.811,0.367,2000,1.706,100,200,0,0.733,8.889,159291.313058615,19,1906.81432276468,6341.17636351098,34,1165.14581562326,989.603275888838,55,13.0844125951814,0.55,0.5,148,8.6,2.3,0.47,1,207951.902379006,9504.75366816538,1789.12694230395,925431.792985857
seniors,0.178,0.678,0.278,0.811,0.811,2000,1.706,100,200,0,0.733,8.889,161985.447319696,17,1879.1412502538,6310.51481588299,35,1130.61480571372,981.772974978123,55,12.6944266665073,0.55,0.5,144,11,2.3,0.44,1,210646.036640087,9474.09212053739,1781.29664139323,926682.434377141
seniors,0.178,0.678,0.278,0.811,0.811,2000,1.706,100,533.333,0,0.733,8.889,136345.571479536,17,2357.38518844853,6213.24493656828,41,1543.14504912767,1054.37625851968,53,16.6922830869137,0.49,0.44,111,0,2,0.43,0.94,224734.338102751,11349.8287900238,2174.2488228801,1087339.55058482
seniors,0.178,0.678,0.278,0.811,0.811,5333.333,1.706,100,533.333,0,0.733,8.889,109239.215024959,33,2080.59749880753,4326.13880252191,59,1092.06886800052,782.610927026205,65,12.7070188874386,0.47,0.42,97,13,1.8,0.32,0.84,197627.981648174,9462.72265597743,1902.48349138663,1023492.72705487
seniors,0.178,0.678,0.278,0.811,0.811,5333.333,1.706,100,533.333,0,0.956,8.889,113599.381885048,31,2095.5664259331,4250.09408072925,60,1094.79436649542,554.730808837203,75,9.54774342279507,0.47,0.42,97,13,1.8,0.31,0.81,201988.148508263,9386.67793418477,1674.60337319762,1071527.92102514
seniors,0.178,0.678,0.278,0.367,0.811,5333.333,1.706,100,533.333,0,0.956,8.889,127657.59206632,22,2349.75886850528,5850.89213525062,44,1524.92141800788,1056.52996560937,53,18.1333671534499,0.47,0.42,97,13,1.8,0.3,0.81,216046.358689535,10987.4759887061,2176.40252996979,1088653.11905708
seniors,0.089,0.611,0.544,0.722,0.367,4000,1.35,82.222,600,0,0.778,10,123969.220124582,14,1922.86295388598,4602.62256044123,37,946.970895168161,857.430881794676,52,12.2959552111413,0.42,0.37,111,20,1.5,0.32,0.82,218853.039564031,10129.2080143361,2025.20163047535,1022049.60333934
seniors,0.089,0.611,0.544,0.722,0.367,7333.333,1.35,82.222,600,0,0.778,10,96530.3681050585,33,863.153391889035,2937.58751800206,60,783.162196038712,775.852399312248,57,12.2959552111413,0.27,0.22,53,62,1.4,0.68,0.94,191414.187544507,8464.17297189695,1943.62314799292,898882.098277382
seniors,0.089,0.611,0.544,0.722,0.367,7333.333,1.572,82.222,600,0,0.778,10,88149.5122382302,51,1355.68274930425,3018.63603629036,73,783.16219881775,717.724383751628,71,12.2959553372718,0.4,0.35,97,22,1.6,0.38,0.89,183033.331814744,8545.22149296428,1885.49513243715,878742.541213284
seniors,0.089,0.611,0.544,0.722,0.367,7333.333,1.572,82.222,600,0,1,10,97681.2600478188,45,1546.64292610745,3035.10210866619,73,783.16219881775,515.189149159375,79,12.2959553372718,0.4,0.35,97,22,1.6,0.3,0.83,192565.079624333,8561.68756534011,1682.9598978449,953160.271628588
seniors,0.089,0.611,0.1,0.722,0.367,7333.333,1.572,82.222,600,0,1,10,105627.996082434,41,1789.09335966047,3602.06265945593,68,783.16219881775,710.843513004017,71,12.2959553372718,0.42,0.37,111,11,1.7,0.38,0.89,200511.815658948,9128.64811612985,1878.61426168954,1052042.54493308
seniors,0.089,0.611,0.1,0.722,0.367,7333.333,1.572,82.222,266.667,0,1,10,82140.7610041519,53,1280.91207166678,2521.23612114602,75,464.789310334179,418.228344490959,81,5.65359481184157,0.44,0.39,125,10,1.9,0.55,1,156334.278437487,6875.7825457922,1427.60576611958,741598.974816662
seniors,0.089,0.611,0.1,0.278,0.367,7333.333,1.572,82.222,266.667,0,1,10,109851.232427227,38,1616.38686606298,4314.36941283287,58,799.710157474408,932.193076767145,58,11.8785364695748,0.44,0.39,125,10,1.9,0.55,1,184044.749860562,8668.91583747904,1941.57049839577,798710.205582138
seniors,0.089,0.611,0.1,0.278,0.367,7333.333,1.572,37.778,266.667,0,1,10,91369.6046453235,48,1464.20770823123,3546.04380000831,68,674.791599505945,789.957962311144,66,10.5297368812255,0.5,0.45,167,0,1.9,0.55,0.98,165563.122078659,7900.59022465448,1799.33538393977,713206.695799027
seniors,0.2,0.611,0.1,0.278,0.367,7333.333,1.572,37.778,266.667,0,1,10,88823.8593047615,50,1380.18856035134,3410.49659457986,69,630.395869673491,756.546969651861,67,9.81931843687198,0.52,0.47,167,0,1.7,0.57,0.98,160198.910123519,7622.09015323945,1742.39781209593,682835.774544229
seniors,0.2,0.611,0.1,0.278,0.811,7333.333,1.572,37.778,266.667,0,1,10,76652.916787342,57,1320.66715291364,2823.10456920677,74,569.477055143507,603.612274115594,74,8.50332118411006,0.48,0.43,139,17,1.6,0.47,0.92,148027.9676061,7034.69812786637,1589.46311655966,629411.657502543
seniors,0.2,0.611,0.1,0.278,0.811,7333.333,1.572,37.778,266.667,0,1,4.444,59683.4080542107,62,1018.20998132994,2113.847561001,73,394.510330080992,463.928278792289,75,5.88014401830105,0.48,0.43,139,29,1.7,0.52,0.96,131058.254944077,6325.43575279944,1449.77907079473,534663.320223629
seniors,0.2,0.5,0.1,0.278,0.811,7333.333,1.572,37.778,266.667,0,1,4.444,69300.1643751861,64,778.262306887147,2445.13619138264,68,556.679406232177,628.947498483755,69,9.36387444465163,0.44,0.39,181,48,1.3,0.62,0.99,151258.859633608,7190.03918679099,1691.97308614765,609967.328655606
seniors,0.089,0.522,0.811,0.544,0.1,8000,1.75,20,333.333,0,0.911,2.222,74043.4291783234,68,795.050081864174,2258.63135565685,78,547.76943550179,522.479427238404,80,9.09099815929221,0.45,0.4,213,39,1.5,0.39,1,156922.340810857,7055.71993192406,1595.61042629906,745213.455151042
seniors,0.089,0.522,0.811,0.544,0.1,8000,1.75,20,333.333,0,0.689,2.222,96441.311798225,59,1331.86315833812,3516.19300771223,65,581.164351986002,853.478334980132,68,10.2124636744777,0.47,0.42,209,40,1.6,0.48,1,179320.223430758,8313.28158397943,1926.60933404079,807242.406009443
seniors,0.089,0.522,0.367,0.544,0.1,8000,1.75,20,333.333,0,0.689,2.222,40833.1066452835,83,721.648486462451,1513.54681550078,85,547.76943550179,419.800987264431,84,9.09099815929221,0.57,0.52,351,0,1.3,0.94,1,123712.018277817,6310.63539176798,1492.93198632509,499292.891815278
seniors,0.089,0.633,0.367,0.544,0.1,8000,1.75,20,333.333,0,0.689,2.222,127311.51953,27,2493.38268532825,6700.4304626799,39,1831.70614190728,1451.5702789997,37,28.1312738701661,0.5,0.45,153,15,2,0.34,0.92,199709.385796616,10970.5068326849,2448.2014627461,1220997.89458475
seniors,0.089,0.633,0.367,0.544,0.1,8000,1.75,20,666.667,0,0.689,2.222,121370.857056091,31,2207.50981163548,5544.28906021838,54,1322.72803456985,1364.29323102659,46,22.5984078845599,0.5,0.45,153,15,1.8,0.38,0.93,215214.789096873,11008.9698528265,2525.84027758043,1150993.95598678
seniors,0.089,0.633,0.367,0.544,0.544,8000,1.75,20,666.667,0,0.689,2.222,105184.063292449,40,1865.384048804,4363.48861142466,64,960.58916040503,1105.69675229166,56,17.0702611469981,0.48,0.43,139,23,1.7,0.37,0.92,199027.995333231,9828.16940403275,2267.2437988455,1006246.68252359
seniors,0.089,0.633,0.367,0.1,0.544,8000,1.75,20,666.667,0,0.689,2.222,134940.678309571,23,2332.105933541,6748.91762417803,44,1614.43290055905,1586.86006231314,37,25.9941270491918,0.48,0.43,139,23,1.7,0.34,0.91,228784.610350353,12213.5984167861,2748.40710886698,1101046.07333604
seniors,0.089,0.633,0.367,0.1,0.544,8000,1.75,20,666.667,0,0.689,7.778,129674.20455126,32,2223.9213961818,6225.34287698055,61,1445.81298348154,1492.33008711604,50,23.8362540402636,0.5,0.45,153,8.4,1.7,0.36,0.88,223518.291727161,11690.0290340774,2653.87717755248,1048768.89124301
seniors,0.2,0.633,0.367,0.1,0.544,8000,1.75,20,666.667,0,0.689,7.778,112324.211082916,37,1456.46907107755,4526.83479011146,54,1108.43268314894,1250.10941980409,48,17.3241032715266,0.52,0.47,153,22,1.4,0.45,0.89,213262.592459184,10474.7650644333,2439.33356454304,908391.248335786
seniors,0.2,0.633,0.367,0.1,0.544,4666.667,1.75,20,666.667,0,0.689,7.778,132446.784930246,26,1910.83236572309,5689.06320124522,43,1108.43268314894,1450.01510111709,40,17.7496056969176,0.54,0.49,167,14,1.5,0.39,0.87,233385.166306515,11636.9934755671,2639.23924585605,1020940.73864082
seniors,0.2,0.633,0.367,0.1,0.544,4666.667,1.528,20,666.667,0,0.689,7.778,118299.998525271,34,1456.46855703824,4699.48169261065,52,1108.43268062658,1270.73755329135,47,17.3241031865432,0.5,0.45,139,23,1.4,0.39,0.85,219238.379826566,10647.4119644101,2459.9616980265,919946.998042027
seniors,0.2,0.633,0.367,0.1,0.544,4666.667,1.528,64.444,666.667,0,0.689,7.778,115984.432950091,35,1456.46855703824,4644.88081433664,52,1108.43268062658,1233.95180697938,48,17.3241031865432,0.48,0.43,125,10,1.4,0.4,0.86,216922.814251386,10592.8110861361,2423.17595171452,912135.979788954
seniors,0.089,0.656,0.633,0.278,0.189,8000,1.706,100,466.667,0,1,5.556,87955.2861997879,47,1690.3975003766,3103.30155947575,71,713.156589695398,583.755355540422,75,11.0083102842082,0.43,0.38,97,13,1.8,0.36,0.91,180727.051202673,8506.27486041645,1738.93766935536,820674.171621165
seniors,0.089,0.656,0.633,0.278,0.189,8000,1.706,100,466.667,0,1,0,78193.8686901811,48,1149.55706025392,2653.36653133769,67,713.151326227168,664.128238427468,65,11.0081612222466,0.4,0.35,83,34,1.8,0.3,1.1,170965.469379928,8056.33446721064,1819.31050716631,824522.356758408
seniors,0.2,0.656,0.633,0.278,0.189,8000,1.706,100,466.667,0,1,0,73200.8936321069,57,820.129598005675,2307.43628054969,79,620.988322506078,575.942062152225,75,9.64911592510543,0.41,0.36,69,38,1.7,0.34,1.1,160834.074321557,7391.12784997973,1686.72339336047,744740.532942981
seniors,0.2,0.656,0.633,0.722,0.189,8000,1.706,100,466.667,0,1,0,57854.356854662,66,609.705845997509,1405.25264282335,87,620.988322506078,335.84980588356,86,9.64911592510543,0.34,0.29,39,65,1.7,0.67,1.2,145487.537544112,6488.94421225339,1446.6311370918,785176.610791896
seniors,0.2,0.656,0.633,0.722,0.189,4666.667,1.706,100,466.667,0,1,0,96462.1105775059,43,1678.46075589486,3070.02041566985,72,693.777580011884,383.742716146547,84,9.64911592510543,0.46,0.41,97,13,1.8,0.37,1.1,184095.291266956,8153.71198509989,1494.52404735479,885784.320633101
seniors,0.2,0.656,0.633,0.722,0.633,4666.667,1.706,100,466.667,0,1,0,81436.4897376832,52,1424.77657883751,2418.30905566641,78,620.988322506078,328.527441620459,86,9.64911592510543,0.46,0.41,97,13,1.8,0.4,1.1,169069.670427133,7502.00062509646,1439.3087728287,768047.34104256
seniors,0.2,0.544,0.633,0.722,0.633,4666.667,1.706,100,466.667,0,1,0,95288.0044914689,54,1154.80874378674,2825.30053588241,73,791.506351977708,502.625778712285,81,12.8058982466516,0.42,0.37,125,25,1.7,0.49,1.1,188186.317330226,8214.42756850705,1646.46677919808,816646.635592523
seniors,0.2,0.544,0.633,0.722,0.633,4666.667,1.706,100,800,0,1,0,82517.3796770847,62,1609.45371731336,2811.33609819853,77,1164.00034438443,686.852790686728,77,18.2536880736923,0.34,0.29,67,56,1.5,0.79,1.2,184378.968075486,8842.38201859805,1883.45696770391,828379.339960835
seniors,0.2,0.544,0.633,0.722,0.633,4666.667,1.483,100,800,0,1,0,46995.9693489126,74,1609.4535547597,2189.3331577005,75,1164.00033092225,631.796703787642,71,18.2536878472054,0.34,0.29,67,42,1.3,0.81,1,148857.557691607,8220.37907498315,1828.4008808003,654101.285196777
seniors,0.2,0.544,0.633,0.722,0.633,4666.667,1.483,55.556,800,0,1,0,46153.2397135776,74,1609.4535547597,2171.98760421419,75,1164.00033092225,630.088744811579,71,18.2536878472054,0.35,0.3,81,30,1.3,0.8,1,148014.828056272,8203.03352149684,1826.69292182424,651226.625367471
seniors,0.2,0.544,0.633,0.722,0.633,4666.667,1.483,55.556,800,0,0.778,0,46019.8116447874,75,1609.4535547597,2174.84223548569,75,1164.00033092225,634.029930332801,70,18.2536878472054,0.35,0.3,81,30,1.3,0.79,1,147881.399987482,8205.88815276833,1830.63410734546,650828.378618599
seniors,0.2,0.544,0.189,0.722,0.633,4666.667,1.483,55.556,800,0,0.778,0,46447.3038103028,74,1609.4535547597,2202.25604341862,75,1164.00033092225,646.458181966156,70,18.2536878472054,0.35,0.3,81,30,1.3,0.8,1.1,148308.892152997,8233.30196070126,1843.06235897881,654104.114898438
seniors,0.133,0.678,0.1,0.1,0.456,2666.667,1.394,64.444,733.333,0,0.778,4.444,140169.42937246,6.5,2099.13940726852,6385.06984500984,17,1283.40891160351,1642.21430804918,18,21.1393910500897,0.48,0.43,111,0,1.5,0.34,0.84,247017.579797758,12812.3287652892,2886.50947646826,1094265.88458987
seniors,0.133,0.678,0.1,0.1,0.456,6000,1.394,64.444,733.333,0,0.778,4.444,128969.144871939,14,1573.0577318857,5181.28294500826,33,1283.40891160351,1491.53398204309,25,19.5238341441991,0.44,0.39,97,13,1.3,0.32,0.86,235817.295297237,11608.5418652876,2735.82915046218,998959.104890233
seniors,0.133,0.678,0.1,0.1,0.456,6000,1.394,64.444,733.333,0,1,4.444,123608.61347704,18,1573.0577318857,4915.0245439953,36,1283.40891160351,1369.98413399617,31,19.5238341441991,0.45,0.4,97,13,1.4,0.3,0.84,230456.763902337,11342.2834642747,2614.27930241525,984927.257422855
seniors,0.133,0.678,0.544,0.1,0.456,6000,1.394,64.444,733.333,0,1,4.444,72767.3540044834,51,1573.0577318857,2545.49311925059,67,1283.40891160351,731.529542741033,63,19.5238341441991,0.32,0.27,53,52,1.3,0.57,0.92,179615.504429781,8972.75203952995,1975.82471116012,778747.706176659
seniors,0.133,0.678,0.544,0.1,0.456,6000,1.394,64.444,400,0,1,4.444,80405.8879250758,37,1647.25460785566,3022.08425882706,55,761.965065059205,501.30033619762,67,8.73671225525914,0.44,0.39,83,25,1.7,0.4,0.91,149504.606508682,7140.59302397618,1474.21687838128,636299.299918053
seniors,0.133,0.678,0.544,0.1,0.456,6000,1.394,64.444,400,0,1,10,73600.835201211,51,1490.27274731471,2661.11885175305,73,640.217910108694,455.58041371456,77,7.5126770862139,0.44,0.39,83,14,1.7,0.44,0.92,142699.774952713,6779.63298461191,1428.49700849764,587039.881120796
seniors,0.133,0.567,0.544,0.1,0.456,6000,1.394,64.444,400,0,1,10,99985.0365769477,35,1574.97075580966,3620.26045382334,50,708.528942468488,690.021543137885,61,8.75548834077858,0.43,0.38,139,23,1.6,0.42,0.87,178146.712406359,8168.27053140861,1727.5457501681,743457.95910655
seniors,0.133,0.567,0.544,0.1,0.456,6000,1.617,64.444,400,0,1,10,125299.561315198,36,1943.80213666649,5003.42157510559,56,1045.16386644952,897.507880901111,64,12.0801898269649,0.45,0.4,153,15,1.8,0.41,0.88,203461.237338272,9551.43165597848,1935.03208793736,901161.72794183
seniors,0.133,0.567,0.544,0.544,0.456,6000,1.617,64.444,400,0,1,10,111419.080387716,43,1725.27138229035,3810.77289291796,66,775.46621977876,550.629594771845,78,7.16172893639191,0.45,0.4,153,15,1.8,0.42,0.88,189580.75641079,8358.78297379085,1588.15380180809,872759.108831437
seniors,0.022,0.567,0.544,0.544,0.456,6000,1.617,64.444,400,0,1,10,115010.706949848,41,1823.35455684189,4048.36036624432,64,859.939879161922,577.392711945022,77,7.16172893639191,0.41,0.36,139,23,1.8,0.41,0.9,193172.382972922,8596.37044711721,1614.91691898127,910203.36659867
seniors,0.022,0.567,0.544,0.544,0.456,6000,1.617,20,400,0,1,10,59246.0182616813,52,873.7581156261,1805.39406835143,62,442.543720399881,376.638167331985,70,7.16172893639191,0.47,0.42,213,39,1.5,0.43,1,137407.694284755,6353.40414922432,1414.16237436823,708448.127099909
seniors,0.022,0.567,0.544,0.544,0.9,6000,1.617,20,400,0,1,10,57897.9953755664,53,735.544295229542,1688.05773864471,65,442.543720399881,351.740968314156,72,7.16172893639191,0.43,0.38,193,45,1.4,0.65,1,136059.67139864,6236.0678195176,1389.2651753504,702535.412869405
seniors,0.178,0.611,0.367,0.633,0.1,6666.667,1.617,64.444,600,0,0.689,0,112908.231758412,33,1744.27212590116,4487.36955723928,51,870.688053731132,1153.50208607258,46,15.924239766118,0.43,0.38,111,27,1.7,0.43,1.1,204300.137899962,9788.33511011573,2290.76411802176,1031526.95372898
seniors,0.178,0.611,0.811,0.633,0.1,6666.667,1.617,64.444,600,0,0.689,0,75437.9121976689,55,1007.02099978327,2583.93989128474,72,715.092834343364,613.631888947313,72,11.2972722477598,0.33,0.28,53,65,1.5,0.69,1.2,166829.818339219,7884.90544416119,1750.8939208965,781507.893581762
seniors,0.178,0.611,0.811,0.633,0.544,6666.667,1.617,64.444,600,0,0.689,0,56378.66419441,67,833.486709203746,1885.4136268156,79,715.092834343364,474.636371589236,78,11.2972722477598,0.33,0.28,53,65,1.5,0.86,1.2,147770.57033596,7186.37917969205,1611.89840353842,671230.468364664
seniors,0.178,0.611,0.811,0.633,0.544,3333.333,1.617,64.444,600,0,0.689,0,112651.057721538,33,1780.79847444067,4148.70499580989,54,841.616505572767,823.563863613435,62,11.2972722477598,0.44,0.39,111,27,1.7,0.37,1.1,204042.963863088,9449.67054868634,1960.82589556262,910724.104720585
seniors,0.178,0.611,0.811,0.189,0.544,3333.333,1.617,64.444,600,0,0.689,0,118584.593690038,30,1878.04500331782,4606.50639356814,49,956.098278202923,940.326192783113,56,12.7025512778837,0.44,0.39,111,27,1.7,0.36,1.1,209976.499831588,9907.47194644459,2077.5882247323,925313.996161124
seniors,0.067,0.611,0.811,0.189,0.544,3333.333,1.617,64.444,600,0,0.689,0,136922.476949187,26,2323.27887077478,6127.14761788553,53,1483.14979385305,1177.6330354277,57,18.5116916600366,0.41,0.36,111,11,1.9,0.27,1,231806.033371562,11653.7234208988,2345.4037072543,1118243.16150501
seniors,0.067,0.611,0.811,0.189,0.544,3333.333,1.394,64.444,600,0,0.689,0,101740.322699056,31,1182.68555288872,3485.14171440878,52,783.152725205814,815.095030041926,55,12.2957021360453,0.32,0.27,87,30,1.6,0.33,1.2,196623.87902789,9011.71751463043,1982.86570186366,820645.464791318
seniors,0.067,0.611,0.811,0.189,0.544,3333.333,1.394,64.444,600,0,0.911,0,109381.874675787,25,1406.63250539958,3433.80536614751,52,783.152725205814,618.15815560485,66,12.2957021360453,0.34,0.29,97,22,1.6,0.33,1.1,204265.431004621,8960.38116636917,1785.92882742658,855897.593098337
seniors,0.067,0.5,0.811,0.189,0.544,3333.333,1.394,64.444,600,0,0.911,0,58961.5933840973,66,1324.45535428174,2299.23987547305,70,1005.80996640312,626.710252572332,70,16.1401820533076,0.27,0.22,95,44,1.4,0.85,1.2,159678.709687528,8233.45637344536,1837.91306660073,674174.117011155
seniors,0.067,0.5,0.811,0.189,0.544,3333.333,1.394,64.444,266.667,0,0.911,0,92568.7123741154,33,960.328261176153,2896.47178697182,50,608.214932309759,566.142297205467,64,10.1726081136528,0.37,0.32,167,25,1.6,0.55,1.1,177918.954636643,7831.86871348139,1658.08385079357,693389.657738884
seniors,0.067,0.5,0.811,0.189,0.544,3333.333,1.394,64.444,266.667,0,0.911,5.556,122705.006200358,37,1487.15367690675,4092.44044806047,58,608.220194212012,724.111552874541,70,10.1727495290083,0.42,0.37,181,19,1.6,0.52,0.94,208055.395666865,9027.84273805929,1816.05314958942,829155.203203258
seniors,0.067,0.5,0.811,0.189,0.544,3333.333,1.394,20,266.667,0,0.911,5.556,104467.65956254,-71,1240.8029208658,3340.27661337284,-34,608.220194212012,623.017886364216,13,10.1727495290083,0.46,0.41,241,31,1.5,0.49,0.97,189818.049029048,8275.67890337166,1714.9594830791,756998.058153954
seniors,0.133,0.544,0.544,0.189,0.367,4000,1.528,100,466.667,0,0.822,3.333,120775.813333148,32,1548.41458325545,4447.66311817173,47,907.498021667609,1020.56362561746,54,14.4890729592605,0.42,0.37,139,17,1.6,0.52,0.96,219058.431930592,10198.5741045612,2211.78777372308,906084.981558009
seniors,0.133,0.544,0.544,0.189,0.367,4000,1.528,100,466.667,0,0.6,3.333,112554.595047115,37,1433.75499468073,4329.67730395094,49,907.498021667609,1102.79986309305,50,14.4890729592605,0.42,0.37,139,17,1.6,0.54,0.98,210837.213644559,10080.5882903404,2294.02401119866,868649.936669416
seniors,0.133,0.544,0.544,0.189,0.811,4000,1.528,100,466.667,0,0.6,3.333,121422.147260745,32,1619.50032268438,4746.90357504328,44,907.498021667609,1178.48584946665,46,14.4890729592605,0.4,0.35,125,25,1.5,0.45,0.94,219704.765858189,10497.8145614328,2369.70999757226,921498.114060237
seniors,0.133,0.544,0.544,0.189,0.811,4000,1.75,100,466.667,0,0.6,3.333,155692.376780786,25,2238.4490127812,6932.61570680984,44,1370.55095822097,1569.24176390996,45,20.2568444311341,0.42,0.37,139,9.2,1.8,0.38,0.9,253974.995481079,12683.5266963986,2760.46591202083,1150891.64457686
seniors,0.133,0.544,0.544,0.633,0.811,4000,1.75,100,466.667,0,0.6,3.333,147076.676770286,29,2123.55084109123,6070.44823429198,51,1168.25003848144,1337.00934820995,53,16.5050049805384,0.42,0.37,139,9.2,1.8,0.39,0.9,245359.295470579,11821.3592238807,2528.23349632082,1140054.29417883
seniors,0.133,0.544,0.544,0.633,0.811,4000,1.75,100,466.667,0,0.6,8.889,146727.572914751,30,2012.96929173378,5851.45091138504,48,1048.86173606506,1293.16045984576,53,14.6345493778924,0.42,0.37,139,23,1.7,0.43,0.89,245010.310680103,11602.3672626995,2484.38464686838,1105704.32870144
seniors,0.022,0.544,0.544,0.633,0.811,4000,1.75,100,466.667,0,0.6,8.889,151873.62945205,28,2174.06111077234,6312.51581964794,44,1220.20258145945,1368.54099488162,50,16.7478758298359,0.39,0.34,139,23,1.8,0.39,0.89,250156.367217402,12063.4321709624,2559.76518190424,1161997.75573044
seniors,0.022,0.656,0.544,0.633,0.811,4000,1.75,100,466.667,0,0.6,8.889,124308.504841944,30,2271.99776953273,5573.97368100682,60,1381.39949798073,1098.01670660058,60,17.6502152770854,0.44,0.39,111,0,2,0.36,0.88,217080.368434875,10976.9502009006,2253.19904745696,1054689.40937073
seniors,0.022,0.656,0.544,0.633,0.811,4000,1.75,100,800,0,0.6,8.889,153306.249611935,20,2536.62953830999,7261.4080275327,48,1699.50580842269,1600.41472333494,46,23.8145020133998,0.41,0.36,97,13,1.8,0.22,0.77,260327.746645608,13704.9951966953,2845.46694768624,1347651.71909908
seniors,0.022,0.656,0.544,0.633,0.811,7333.333,1.75,100,800,0,0.6,8.889,118672.495686642,38,1724.95830356123,4755.40391754731,66,1296.05259524317,1303.18665061399,56,19.7255795935512,0.41,0.36,97,13,1.5,0.29,0.84,225693.992720314,11198.9910867099,2548.23887496529,1093800.00425874
seniors,0.022,0.656,0.544,0.633,0.811,7333.333,1.75,55.556,800,0,0.6,8.889,132107.697016135,31,1851.85323535756,5390.38524305325,61,1296.05259524317,1457.74388766275,51,19.7255795935512,0.44,0.39,111,11,1.5,0.25,0.82,239129.194049807,11833.9724122159,2702.79611201405,1180258.65247944
seniors,0.022,0.656,0.1,0.633,0.811,7333.333,1.75,55.556,800,0,0.6,8.889,131494.488955905,32,2002.8773392367,5487.12655971101,61,1296.05259524317,1498.37649750782,49,19.7255795935512,0.46,0.41,125,0,1.5,0.29,0.82,238515.985989578,11930.7137288736,2743.42872185912,1220918.01906576
seniors,0,0.611,0.367,0.278,0.544,4000,1.75,28.889,666.667,0,0.733,8.889,160843.279823473,15,2765.84898687029,8904.37188497873,27,2363.28221464091,1756.60594824164,34,29.9972311231713,0.47,0.42,153,15,1.9,0.25,0.81,255727.070269078,14430.9562712966,2924.37668839198,1377094.11352007
seniors,0,0.611,0.367,0.278,0.544,4000,1.75,73.333,666.667,0,0.733,8.889,167134.236955925,10,2878.08256336633,9830.98631385799,14,2695.29652759419,1872.71439435665,26,32.6690033083214,0.42,0.37,125,18,2,0.24,0.77,262018.02740153,15357.5707001759,3040.48513450699,1455111.7304129
seniors,0.111,0.611,0.367,0.278,0.544,4000,1.75,73.333,666.667,0,0.733,8.889,164108.145439656,11,2743.65283110883,9034.94849628677,21,2344.47993198899,1766.65074106161,30,29.4233560688035,0.44,0.39,125,18,1.9,0.28,0.79,258991.935885261,14561.5328826047,2934.42148121196,1372975.49864911
seniors,0.111,0.611,0.811,0.278,0.544,4000,1.75,73.333,666.667,0,0.733,8.889,144443.713403021,22,2426.86450123097,6609.52791373747,42,1638.57576900892,1139.28485797438,55,17.464204627375,0.44,0.39,125,18,1.9,0.3,0.8,239327.503848625,12136.1123000554,2307.05559812472,1179231.75578612
